Date,Account Code,Voucher Type,Voucher ID,Description,Debit,Credit,Balance
01-09-2025,10000001,ADVANCE,2284,Advance Invoice #2284,"5,600.00",0.00,"5,600.00"
01-10-2025,10000001,ADVANCE,2344,Advance Invoice #2344,"20,000.00",0.00,"337,400.00"
01-10-2025,10000001,ADVANCE,2345,Advance Invoice #2345,"3,100.00",0.00,"340,500.00"
01-10-2025,10000001,ADVANCE,2346,Advance Invoice #2346,"100,000.00",0.00,"440,500.00"
02-09-2025,10000001,ADVANCE,2285,Advance Invoice #2285,"5,000.00",0.00,"10,600.00"
02-09-2025,10000001,ADVANCE,2286,Advance Invoice #2286,"3,000.00",0.00,"13,600.00"
02-09-2025,10000001,ADVANCE,2287,Advance Invoice #2287,"3,000.00",0.00,"16,600.00"
02-09-2025,10000001,ADVANCE,2288,Advance Invoice #2288,"5,000.00",0.00,"21,600.00"
02-10-2025,10000001,ADVANCE,2347,Advance Invoice #2347,"5,500.00",0.00,"446,000.00"
02-10-2025,10000001,ADVANCE,2348,Advance Invoice #2348,"5,000.00",0.00,"451,000.00"
02-10-2025,10000001,ADVANCE,2349,Advance Invoice #2349,"12,600.00",0.00,"463,600.00"
03-09-2025,10000001,ADVANCE,2289,Advance Invoice #2289,"9,000.00",0.00,"30,600.00"
03-09-2025,10000001,ADVANCE,2290,Advance Invoice #2290,"5,000.00",0.00,"35,600.00"
03-09-2025,10000001,ADVANCE,2291,Advance Invoice #2291,"5,000.00",0.00,"40,600.00"
03-09-2025,10000001,ADVANCE,2292,Advance Invoice #2292,"5,000.00",0.00,"45,600.00"
03-09-2025,10000001,ADVANCE,2293,Advance Invoice #2293,"1,000.00",0.00,"46,600.00"
03-09-2025,10000001,ADVANCE,2294,Advance Invoice #2294,"3,500.00",0.00,"50,100.00"
03-09-2025,10000001,ADVANCE,2295,Advance Invoice #2295,"5,000.00",0.00,"55,100.00"
03-10-2025,10000001,ADVANCE,2350,Advance Invoice #2350,"2,000.00",0.00,"465,600.00"
04-09-2025,10000001,ADVANCE,2296,Advance Invoice #2296,"3,000.00",0.00,"58,100.00"
04-10-2025,10000001,ADVANCE,2351,Advance Invoice #2351,"12,000.00",0.00,"477,600.00"
04-10-2025,10000001,ADVANCE,2352,Advance Invoice #2352,"5,000.00",0.00,"482,600.00"
04-10-2025,10000001,ADVANCE,2353,Advance Invoice #2353,"60,000.00",0.00,"542,600.00"
04-10-2025,10000001,ADVANCE,2354,Advance Invoice #2354,"6,100.00",0.00,"548,700.00"
04-10-2025,10000001,ADVANCE,2355,Advance Invoice #2355,"7,500.00",0.00,"556,200.00"
04-10-2025,10000001,ADVANCE,2356,Advance Invoice #2356,"2,000.00",0.00,"558,200.00"
04-10-2025,10000001,CR,1,Cr Invoice #1,"3,000.00",0.00,"561,200.00"
04-10-2025,10000001,CR,1,Cr Invoice #1,"1,000.00",0.00,"562,200.00"
04-10-2025,10000001,CR,1,Cr Invoice #1,"3,000.00",0.00,"565,200.00"
04-10-2025,10000001,CR,1,Cr Invoice #1,300.00,0.00,"565,500.00"
04-10-2025,10000001,CR,1,Cr Invoice #1,200.00,0.00,"565,700.00"
04-10-2025,10000001,CR,1,Cr Invoice #1,200.00,0.00,"565,900.00"
04-10-2025,10000001,CR,1,Cr Invoice #1,"5,000.00",0.00,"570,900.00"
04-10-2025,10000001,CR,1,Cr Invoice #1,"4,000.00",0.00,"574,900.00"
04-10-2025,10000001,CR,1,Cr Invoice #1,"5,000.00",0.00,"579,900.00"
04-10-2025,10000001,CR,1,Cr Invoice #1,"8,000.00",0.00,"587,900.00"
04-10-2025,10000001,CR,1,Cr Invoice #1,"3,500.00",0.00,"591,400.00"
04-10-2025,10000001,CR,1,Cr Invoice #1,"1,000.00",0.00,"592,400.00"
04-10-2025,10000001,CR,1,Cr Invoice #1,"5,000.00",0.00,"597,400.00"
04-10-2025,10000001,CR,1,Cr Invoice #1,"5,000.00",0.00,"602,400.00"
04-10-2025,10000001,CR,1,Cr Invoice #1,"10,000.00",0.00,"612,400.00"
04-10-2025,10000001,CR,1,Cr Invoice #1,"4,000.00",0.00,"616,400.00"
04-10-2025,10000001,CR,1,Cr Invoice #1,"4,000.00",0.00,"620,400.00"
04-10-2025,10000001,CR,1,Cr Invoice #1,"7,000.00",0.00,"627,400.00"
04-10-2025,10000001,CR,1,Cr Invoice #1,"7,000.00",0.00,"634,400.00"
04-10-2025,10000001,CR,1,Cr Invoice #1,"4,000.00",0.00,"638,400.00"
04-10-2025,10000001,CR,1,Cr Invoice #1,"1,500.00",0.00,"639,900.00"
04-10-2025,10000001,CR,1,Cr Invoice #1,"2,500.00",0.00,"642,400.00"
04-10-2025,10000001,CR,1,Cr Invoice #1,"3,000.00",0.00,"645,400.00"
04-10-2025,10000001,CR,1,Cr Invoice #1,"5,000.00",0.00,"650,400.00"
04-10-2025,10000001,CR,1,Cr Invoice #1,"6,000.00",0.00,"656,400.00"
04-10-2025,10000001,CR,1,Cr Invoice #1,"1,000.00",0.00,"657,400.00"
04-10-2025,10000001,CR,1,Cr Invoice #1,"10,500.00",0.00,"667,900.00"
04-10-2025,10000001,CR,1,Cr Invoice #1,"15,000.00",0.00,"682,900.00"
04-10-2025,10000001,CR,1,Cr Invoice #1,"4,000.00",0.00,"686,900.00"
04-10-2025,10000001,CR,1,Cr Invoice #1,"11,000.00",0.00,"697,900.00"
04-10-2025,10000001,CR,1,Cr Invoice #1,500.00,0.00,"698,400.00"
04-10-2025,10000001,CR,1,Cr Invoice #1,"5,000.00",0.00,"703,400.00"
04-10-2025,10000001,CR,1,Cr Invoice #1,"10,000.00",0.00,"713,400.00"
04-10-2025,10000001,CR,1,Cr Invoice #1,300.00,0.00,"713,700.00"
04-10-2025,10000001,CR,1,Cr Invoice #1,"5,000.00",0.00,"718,700.00"
04-10-2025,10000001,CR,1,Cr Invoice #1,"4,000.00",0.00,"722,700.00"
04-10-2025,10000001,CR,1,Cr Invoice #1,"5,000.00",0.00,"727,700.00"
04-10-2025,10000001,CR,1,Cr Invoice #1,"3,500.00",0.00,"731,200.00"
04-10-2025,10000001,CR,1,Cr Invoice #1,"3,200.00",0.00,"734,400.00"
05-09-2025,10000001,ADVANCE,2297,Advance Invoice #2297,"25,500.00",0.00,"83,600.00"
05-09-2025,10000001,ADVANCE,2299,Advance Invoice #2299,"1,500.00",0.00,"85,100.00"
05-10-2025,10000001,ADVANCE,2357,Advance Invoice #2357,"5,000.00",0.00,"739,400.00"
05-10-2025,10000001,CR,2,Cr Invoice #2,"16,000.00",0.00,"755,400.00"
05-10-2025,10000001,CR,2,Cr Invoice #2,"6,600.00",0.00,"762,000.00"
05-10-2025,10000001,CR,2,Cr Invoice #2,"6,000.00",0.00,"768,000.00"
05-10-2025,10000001,CR,2,Cr Invoice #2,"5,500.00",0.00,"773,500.00"
05-10-2025,10000001,CR,2,Cr Invoice #2,"2,500.00",0.00,"776,000.00"
05-10-2025,10000001,CR,2,Cr Invoice #2,"2,000.00",0.00,"778,000.00"
05-10-2025,10000001,CR,2,Cr Invoice #2,"2,000.00",0.00,"780,000.00"
05-10-2025,10000001,CR,2,Cr Invoice #2,"2,500.00",0.00,"782,500.00"
05-10-2025,10000001,CR,2,Cr Invoice #2,300.00,0.00,"782,800.00"
05-10-2025,10000001,CR,2,Cr Invoice #2,200.00,0.00,"783,000.00"
05-10-2025,10000001,CR,2,Cr Invoice #2,"5,000.00",0.00,"788,000.00"
05-10-2025,10000001,CR,2,Cr Invoice #2,550.00,0.00,"788,550.00"
05-10-2025,10000001,CR,2,Cr Invoice #2,"4,000.00",0.00,"792,550.00"
05-10-2025,10000001,CR,2,Cr Invoice #2,"2,700.00",0.00,"795,250.00"
05-10-2025,10000001,CR,2,Cr Invoice #2,"5,000.00",0.00,"800,250.00"
05-10-2025,10000001,CR,2,Cr Invoice #2,"2,000.00",0.00,"802,250.00"
05-10-2025,10000001,CR,2,Cr Invoice #2,400.00,0.00,"802,650.00"
05-10-2025,10000001,CR,2,Cr Invoice #2,700.00,0.00,"803,350.00"
05-10-2025,10000001,CR,2,Cr Invoice #2,"1,000.00",0.00,"804,350.00"
05-10-2025,10000001,CR,2,Cr Invoice #2,500.00,0.00,"804,850.00"
05-10-2025,10000001,CR,2,Cr Invoice #2,550.00,0.00,"805,400.00"
05-10-2025,10000001,CR,2,Cr Invoice #2,"3,200.00",0.00,"808,600.00"
05-10-2025,10000001,CR,2,Cr Invoice #2,"1,400.00",0.00,"810,000.00"
05-10-2025,10000001,CR,2,Cr Invoice #2,"3,000.00",0.00,"813,000.00"
05-10-2025,10000001,CR,2,Cr Invoice #2,"1,500.00",0.00,"814,500.00"
05-10-2025,10000001,CR,2,Cr Invoice #2,600.00,0.00,"815,100.00"
05-10-2025,10000001,CR,2,Cr Invoice #2,"8,000.00",0.00,"823,100.00"
05-10-2025,10000001,CR,2,Cr Invoice #2,"3,000.00",0.00,"826,100.00"
05-10-2025,10000001,CR,2,Cr Invoice #2,"4,000.00",0.00,"830,100.00"
05-10-2025,10000001,CR,2,Cr Invoice #2,"5,000.00",0.00,"835,100.00"
05-10-2025,10000001,CR,2,Cr Invoice #2,"1,000.00",0.00,"836,100.00"
05-10-2025,10000001,CR,2,Cr Invoice #2,"1,000.00",0.00,"837,100.00"
05-10-2025,10000001,CR,2,Cr Invoice #2,"1,000.00",0.00,"838,100.00"
05-10-2025,10000001,CR,2,Cr Invoice #2,"2,500.00",0.00,"840,600.00"
05-10-2025,10000001,CR,2,Cr Invoice #2,"2,500.00",0.00,"843,100.00"
05-10-2025,10000001,CR,2,Cr Invoice #2,400.00,0.00,"843,500.00"
05-10-2025,10000001,CR,2,Cr Invoice #2,100.00,0.00,"843,600.00"
05-10-2025,10000001,CR,2,Cr Invoice #2,"5,000.00",0.00,"848,600.00"
05-10-2025,10000001,CR,2,Cr Invoice #2,"5,000.00",0.00,"853,600.00"
05-10-2025,10000001,CR,2,Cr Invoice #2,200.00,0.00,"853,800.00"
05-10-2025,10000001,CR,2,Cr Invoice #2,"1,000.00",0.00,"854,800.00"
07-09-2025,10000001,ADVANCE,2301,Advance Invoice #2301,"17,000.00",0.00,"102,100.00"
07-09-2025,10000001,ADVANCE,2302,Advance Invoice #2302,"5,000.00",0.00,"107,100.00"
07-10-2025,10000001,JV,5,JV Posting: <PyQt5.QtWidgets.QLineEdit object at 0x00000143EEF9CF80>,0.00,"5,000.00","849,800.00"
09-09-2025,10000001,ADVANCE,2303,Advance Invoice #2303,"5,000.00",0.00,"112,100.00"
09-09-2025,10000001,ADVANCE,2304,Advance Invoice #2304,"8,000.00",0.00,"120,100.00"
10-09-2025,10000001,ADVANCE,2305,Advance Invoice #2305,"10,000.00",0.00,"130,100.00"
10-09-2025,10000001,ADVANCE,2306,Advance Invoice #2306,"3,000.00",0.00,"133,100.00"
10-09-2025,10000001,ADVANCE,2307,Advance Invoice #2307,"5,000.00",0.00,"138,100.00"
11-09-2025,10000001,ADVANCE,2308,Advance Invoice #2308,"5,000.00",0.00,"143,100.00"
11-09-2025,10000001,ADVANCE,2309,Advance Invoice #2309,"6,000.00",0.00,"149,100.00"
13-09-2025,10000001,ADVANCE,2310,Advance Invoice #2310,"2,000.00",0.00,"151,100.00"
13-09-2025,10000001,ADVANCE,2311,Advance Invoice #2311,"20,000.00",0.00,"171,100.00"
13-09-2025,10000001,ADVANCE,2312,Advance Invoice #2312,"4,000.00",0.00,"175,100.00"
13-09-2025,10000001,ADVANCE,2313,Advance Invoice #2313,"3,000.00",0.00,"178,100.00"
13-09-2025,10000001,ADVANCE,2314,Advance Invoice #2314,"5,000.00",0.00,"183,100.00"
14-09-2025,10000001,ADVANCE,2315,Advance Invoice #2315,"1,000.00",0.00,"184,100.00"
14-09-2025,10000001,ADVANCE,2316,Advance Invoice #2316,"3,000.00",0.00,"187,100.00"
14-09-2025,10000001,ADVANCE,2317,Advance Invoice #2317,"4,000.00",0.00,"191,100.00"
15-09-2025,10000001,ADVANCE,2319,Advance Invoice #2319,"4,500.00",0.00,"195,600.00"
15-09-2025,10000001,ADVANCE,2320,Advance Invoice #2320,"4,000.00",0.00,"199,600.00"
15-09-2025,10000001,ADVANCE,2321,Advance Invoice #2321,"5,000.00",0.00,"204,600.00"
16-09-2025,10000001,ADVANCE,2322,Advance Invoice #2322,"5,000.00",0.00,"209,600.00"
16-09-2025,10000001,ADVANCE,2323,Advance Invoice #2323,"10,000.00",0.00,"219,600.00"
16-09-2025,10000001,ADVANCE,2324,Advance Invoice #2324,"5,000.00",0.00,"224,600.00"
17-09-2025,10000001,ADVANCE,2325,Advance Invoice #2325,"17,000.00",0.00,"241,600.00"
18-09-2025,10000001,ADVANCE,2326,Advance Invoice #2326,"4,000.00",0.00,"245,600.00"
20-09-2025,10000001,ADVANCE,2327,Advance Invoice #2327,"10,000.00",0.00,"255,600.00"
20-09-2025,10000001,ADVANCE,2328,Advance Invoice #2328,"5,000.00",0.00,"260,600.00"
21-09-2025,10000001,ADVANCE,2329,Advance Invoice #2329,"8,000.00",0.00,"268,600.00"
21-09-2025,10000001,ADVANCE,2330,Advance Invoice #2330,500.00,0.00,"269,100.00"
22-09-2025,10000001,ADVANCE,2332,Advance Invoice #2332,"10,000.00",0.00,"279,100.00"
24-09-2025,10000001,ADVANCE,2333,Advance Invoice #2333,"5,000.00",0.00,"284,100.00"
25-09-2025,10000001,ADVANCE,2335,Advance Invoice #2335,"9,000.00",0.00,"293,100.00"
27-09-2025,10000001,ADVANCE,2336,Advance Invoice #2336,"5,300.00",0.00,"298,400.00"
28-09-2025,10000001,ADVANCE,2337,Advance Invoice #2337,"2,000.00",0.00,"300,400.00"
28-09-2025,10000001,ADVANCE,2338,Advance Invoice #2338,"5,000.00",0.00,"305,400.00"
29-09-2025,10000001,ADVANCE,2339,Advance Invoice #2339,"5,000.00",0.00,"310,400.00"
30-09-2025,10000001,ADVANCE,2340,Advance Invoice #2340,"5,000.00",0.00,"315,400.00"
30-09-2025,10000001,ADVANCE,2341,Advance Invoice #2341,"2,000.00",0.00,"317,400.00"
